ID,Area,kWh,Property_Type,log_Area
1,273.9935617730953,17895619.700302206,Office,5.613104608933523
2,1235.9325098455884,12612743.354004085,Office,7.119581032842001
3,929.1707168356515,18849662.63710251,Library,6.834292486017026
4,1068.9292594837025,8355119.363513263,Fire Station,6.974412734358058
5,773.3820321946405,2953752.0468149334,Heated Swimming Pool,6.650773146675034
6,394.65877449838445,6922499.748184811,Heated Swimming Pool,5.978021529527886
7,2249.4800188113004,15759439.626332443,Fire Station,7.718454365739577
8,582.1845835773274,1037369.545656559,Other,6.366787551361701
9,2415.929346033372,8583582.130322047,Heated Swimming Pool,7.789839314435601
10,378.43558055115864,17958389.872920256,Heated Swimming Pool,5.936045861697973
11,191.42687149113044,13748482.451222908,Other,5.2545058635799995
12,1011.2191310361959,3607453.1147197587,Fire Station,6.918911942355436
13,1373.6719941347837,21209588.13069109,Fire Station,7.225242720946214
14,2202.6888923114166,8569266.325269338,Heated Swimming Pool,7.697434116816884
15,581.7717885132879,7380098.668269464,Library,6.366078254877324
16,2304.732109911274,9925741.832173849,Office,7.742719727379903
17,651.1104503576644,21808125.440474413,Other,6.478679290425276
18,2081.245636313688,5068230.726593011,Other,7.64072185706046
19,1532.1486935648136,4515141.171655315,Other,7.334426404053341
20,1095.4366421420127,3605101.187129179,Fire Station,6.998908322714026
21,408.1313779298216,6958488.165501528,Fire Station,6.01158912730172
22,1476.3405049033463,18180967.36811653,Heated Swimming Pool,7.297321672933522
23,115.03066660137847,903897.1644356381,Fire Station,4.745198758913109
24,844.8281531920657,7103602.874885756,Library,6.739133237671421
25,652.7707021101378,2233894.168657507,Other,6.481225922296755
26,764.572622415144,5563917.751462758,Fire Station,6.639317014206317
27,1206.6027410747483,15291909.368667286,Fire Station,7.095564037738499
28,663.2039022538811,9976153.98549151,Library,6.497082487781279
29,2032.219746063929,3805817.222916102,Heated Swimming Pool,7.616883945599364
30,1189.3565487256274,2393744.620588119,Fire Station,7.081167724509693
31,1526.443908221554,3010002.1319024963,Heated Swimming Pool,7.330696066148711
32,606.4576136763208,13709767.895155516,Heated Swimming Pool,6.407634839175746
33,1245.7079557701945,3280426.3420425355,Library,7.127459286457665
34,1529.7203838569112,20768511.28180153,Fire Station,7.332840242035555
35,770.5307586514391,6919762.724651024,Fire Station,6.64707957434162
36,1681.5638785460033,3375478.870778042,Other,7.427479519484036
37,226.0404297336936,5682529.1664700955,Fire Station,5.420713875899871
38,1043.480647080578,1773231.8608244183,Library,6.950317180183872
39,112.31966769788414,15627770.118630562,Office,4.72134898174289
40,708.5378677560948,4065786.0533551313,Other,6.563203505488049
41,1109.6482918784022,10853675.401300984,Office,7.011798389933891
42,1562.9453004011884,10419202.491188772,Library,7.354327333264738
43,1943.5174876567908,18875625.92842516,Library,7.572254748274328
44,1228.2610661978833,6828134.635761543,Fire Station,7.113354680735736
45,476.7000903422013,20780753.282119542,Heated Swimming Pool,6.166887551726603
46,1734.6722187567502,6729006.511281733,Fire Station,7.458573751626007
47,1976.6678924462758,254697.5920688128,Office,7.589167823448061
48,708.7854441534728,13225586.562406924,Other,6.56355286317915
49,2331.9425778160803,20917416.96906006,Other,7.754456923589207
50,437.4738481757231,6424578.612616914,Heated Swimming Pool,6.08101692841269
51,367.03507215948775,18537189.582664497,Library,5.905457407955846
52,443.2437091693282,2482323.7818433903,Other,6.094119752342217
53,762.58824381046,14857521.277907351,Fire Station,6.636718231372903
54,1050.5287597724237,4265987.026327336,Library,6.957048897132984
55,221.74330782145262,17308433.877277374,Office,5.401520441800598
56,2217.5691568735056,21521827.021430247,Library,7.7041669005626
57,294.2459021578543,16714611.476492602,Fire Station,5.684415819646996
58,225.10863799834624,8990786.507387552,Heated Swimming Pool,5.41658312122505
59,1491.5143324946985,658779.0454639355,Other,7.3075472133586485
60,2129.51849805424,9338831.278911162,Fire Station,7.663651175897148
61,134.3463724036701,16108328.57041189,Library,4.900421333607795
62,265.5256368382834,6849238.3196206065,Office,5.58171139661649
63,1834.7712974925525,1877289.6907710703,Heated Swimming Pool,7.514675119202224
64,1428.0856084520929,4270310.866838158,Heated Swimming Pool,7.26409009099903
65,1922.8814708255231,14111692.763119517,Fire Station,7.561580106052869
66,1535.7451709196903,4095617.3612052808,Fire Station,7.336770995594809
67,1223.4386302321218,12874321.155155193,Heated Swimming Pool,7.1094207224356
68,523.848097466398,9118464.465237524,Library,6.261201751963417
69,1476.201849146746,16933149.984671593,Office,7.297227749974882
70,2471.5141242253594,5810587.973917299,Library,7.812586247569996
71,2405.187743769493,5586921.232071961,Heated Swimming Pool,7.78538324343045
72,124.14711438352242,21197481.516586013,Fire Station,4.821467268699941
73,1480.3866222966462,21885191.07768694,Office,7.300058563924728
74,1575.51040857099,2410206.1723890947,Fire Station,7.3623345676947
75,1765.0674035423435,15433325.874385098,Library,7.475944157614049
76,1007.5757417269051,17088885.527582422,Heated Swimming Pool,6.915302468887831
77,2462.913557267748,18186510.5502042,Other,7.809100300983223
78,2209.150470714085,12407344.141562795,Fire Station,7.700363318218443
79,34.127059823367745,15157374.555780645,Fire Station,3.530090612807794
80,264.3534993333742,17960718.81697115,Library,5.577287220094787
81,424.5352306053974,1381951.6653425992,Fire Station,6.050994995488806
82,1227.0392327196896,6831697.637616051,Other,7.112359418706412
83,2200.9066831646487,9457609.09023825,Fire Station,7.6966246831559
84,1995.6627246900462,18617798.31154237,Other,7.598731466987234
85,809.5308557874523,14385481.533992827,Other,6.696454889485078
86,272.50527393771335,18510265.75661283,Other,5.6076579678158796
87,147.5023757829331,5172241.319142072,Heated Swimming Pool,4.993844282653094
88,147.36570121720433,21191941.91495171,Heated Swimming Pool,4.992917260800427
89,2182.8572775051,9917617.332734562,Fire Station,7.6883899753494696
90,1564.0196010074578,3569431.092093233,Fire Station,7.355014453640188
91,957.2275540814735,16524398.75955265,Fire Station,6.864041141747647
92,362.4095038813539,18761949.894338638,Office,5.892774798663132
93,1437.3991913395002,17733977.73088275,Heated Swimming Pool,7.270590642448613
94,1645.7878408883698,2688560.180090321,Other,7.40597447918003
95,686.571296362672,20435964.63840038,Library,6.53171007467735
96,2488.2956804451533,15663849.076853786,Other,7.819353289420495
97,154.8626810242422,12233420.407791762,Heated Swimming Pool,5.042538795376469
98,216.7362628225237,6629038.368391548,Office,5.378681235670746
99,649.8613034747541,4450465.286087361,Fire Station,6.476758960851479
100,55.87919620331377,16994520.322958637,Fire Station,4.023192149949475
101,518.9327646396123,17790157.21086422,Library,6.251774326873281
102,2015.3438667557202,3849095.750615443,Office,7.60854511329792
103,1386.1109490413219,18573899.812208094,Other,7.2342572263593965
104,1541.3888993533328,3003938.370335917,Other,7.3404391716528075
105,691.3006249838509,16034869.581753597,Library,6.5385747870211866
106,352.05190644133836,5835436.212690966,Heated Swimming Pool,5.863778626207797
107,136.92621417110786,21696424.69487146,Heated Swimming Pool,4.919442198047726
108,2090.4728220263496,3200159.298031684,Library,7.645145550007182
109,1914.4892613124102,15604557.481151283,Heated Swimming Pool,7.557206161767333
110,1625.5284792091697,13531688.909516785,Heated Swimming Pool,7.393588259866809
111,474.49539008550346,6331390.5934452545,Heated Swimming Pool,6.162251902692996
112,1218.7033011042513,4898302.876098128,Heated Swimming Pool,7.105542704535274
113,2488.433118732646,14818450.04414462,Office,7.819408521800266
114,2156.8910480756313,14147235.129707586,Office,7.676423134253742
115,782.0187080092728,11849685.308341239,Other,6.661878663544669
116,1350.7058288459666,2078980.5165112019,Library,7.208382570983457
117,507.0757030323148,10667912.470776424,Fire Station,6.228660308090303
118,749.4402560591698,15404029.426849307,Library,6.619326602636577
119,1637.2350772772916,1889961.0023018671,Office,7.4007641695519935
120,2080.3169224690646,20942460.258024886,Other,7.640275527660422
121,2092.4147605895996,10866981.53899426,Library,7.6460740658539095
122,1471.5886436146684,502186.59095934127,Heated Swimming Pool,7.294097806168136
123,1648.1500978651457,6578990.50955628,Fire Station,7.4074087851236605
124,694.9249511538073,9476343.282308476,Other,6.543803855782749
125,1601.3497555209324,6070560.558966221,Office,7.378602149800328
126,1106.1844749492593,3294419.445289974,Heated Swimming Pool,7.0086719628835885
127,982.7288310811855,14832711.911895592,Other,6.890333223577663
128,917.8695204528049,21197193.062150106,Office,6.822055245935412
129,2358.120011969004,16595834.22349086,Office,7.7656199754633315
130,833.21930230828,11668278.001894196,Library,6.725296875595051
131,2009.2182160867378,8270714.944290277,Fire Station,7.605500978173004
132,1140.4977864469402,10602399.255979806,Fire Station,7.039220100860604
133,472.01286188326776,4581485.333356005,Office,6.157006234966974
134,1066.7276601213962,9291222.77424445,Fire Station,6.972350979848725
135,1649.3924948968925,18784418.068997655,Office,7.408162314186946
136,1452.6163290860131,18944260.01799181,Fire Station,7.281121574390734
137,1607.0177183183841,4536148.208884825,Library,7.382135391388232
138,1546.2734521226957,4334321.838141978,Other,7.343603090688005
139,2379.7551729739644,21654898.19722895,Heated Swimming Pool,7.774752892875859
140,1475.702863940969,19987600.117319614,Office,7.296889673201389
141,2172.7981411502697,10480667.698684312,Fire Station,7.683771081855115
142,1882.092790226452,20447019.57244433,Library,7.540139622982233
143,596.7740547517315,10679936.975199938,Office,6.3915385740030635
144,973.1189385266043,3850361.878831801,Library,6.880506313694468
145,2445.2430133870803,15018408.847339846,Library,7.801899788948273
146,1373.7632864899933,2788292.6123618847,Other,7.2253091773653235
147,1239.7671297937632,2367636.4463994047,Heated Swimming Pool,7.122678842409309
148,392.0616356981918,16894083.314834394,Fire Station,5.971419061354464
149,1181.1234935373068,17755266.896568332,Office,7.074221377654676
150,1473.1808901997283,505547.9605303146,Office,7.295179212860202
151,1739.2938597337343,21810105.71290809,Fire Station,7.461234482098979
152,744.7832227894105,5129928.100109566,Fire Station,6.6130931999161975
153,608.3849334088154,20299394.432538375,Other,6.410807795793184
154,156.30238108802587,6757126.398280007,Fire Station,5.0517924713998505
155,2167.78553156415,16508070.821665809,Other,7.681461433110899
156,403.64617745624855,4685947.856977722,Office,6.000538695850064
157,680.8612552564591,14288035.981847951,Other,6.5233585486177
158,2327.836635359563,6715089.442726318,Library,7.752694632574411
159,1071.9351832335815,948484.1659993399,Office,6.977220876401252
160,39.890896156430244,8000843.389164144,Heated Swimming Pool,3.686148131356373
161,2012.8276899387129,7597481.576161529,Library,7.607295823336532
162,2386.7680308199488,4303288.194587897,Fire Station,7.7776954413986585
163,735.5413923668675,12935196.740352247,Office,6.600606816319091
164,1189.9730527680367,21035732.358944695,Other,7.081685941116437
165,1115.5712767853402,7694367.588987318,Library,7.017121908546062
166,1694.8028780077584,20361851.189991996,Other,7.435321716891013
167,854.963423635345,17200955.444050603,Heated Swimming Pool,6.751058688647831
168,2395.751756641548,8037286.652114266,Library,7.781452346456014
169,2467.2639303701,19321292.759736627,Other,7.810865095148286
170,1764.5380546455272,10419791.217093356,Library,7.475644209698025
171,81.86253518564627,13406775.092396745,Heated Swimming Pool,4.405041440358051
172,2043.8627424417064,6290328.8734806,Office,7.622596797621529
173,383.759464265313,18849362.87785892,Other,5.950015961177911
174,2254.513542756904,2080400.742522953,Fire Station,7.720689504832187
175,2356.8368058558553,10883503.384810314,Other,7.765075662463484
176,2117.063597580418,15130156.026147004,Fire Station,7.657785312053693
177,604.4180274195969,4163379.377315566,Other,6.404266056921998
178,393.7315484159626,15782161.762189958,Heated Swimming Pool,5.975669327876015
179,1694.3620449234731,16957944.829102118,Other,7.435061574291408
180,385.04481489537284,15327782.04872543,Office,5.953359729839203
181,1793.0008537159301,14317970.205962729,Other,7.491645949743297
182,2391.6098876320757,13128917.968641873,Fire Station,7.77972201131501
183,1048.2420635176823,20069905.77107938,Heated Swimming Pool,6.954869814849
184,2320.2996285958216,6166040.431970172,Fire Station,7.749451606577999
185,818.9746762393042,4945033.790644282,Library,6.708053163032296
186,2103.700011980254,14051700.04908368,Library,7.651452983834833
187,1799.9348095571622,9530507.720017318,Fire Station,7.49550572631572
188,461.3535989471711,5326616.520276153,Library,6.134164774898378
189,271.98299751849845,4069332.8023076057,Other,5.605739555219053
190,1189.928847195115,4371543.913726741,Heated Swimming Pool,7.081648792044933
191,1519.60795202991,6880130.906630028,Library,7.326207654275502
192,2028.252891257871,13724256.71959836,Fire Station,7.614930056767993
193,1363.5432573081926,20352119.256515894,Library,7.217841926980937
194,333.96052081370726,9972358.0031781,Other,5.8110227848338285
195,1527.436002921313,5309246.967551159,Other,7.331345793553537
196,632.9990107077174,9368538.244121265,Heated Swimming Pool,6.450468859279949
197,1472.268516435288,15278834.777202666,Other,7.294559698709617
198,606.6794386180118,5817902.379135834,Library,6.408000543848179
199,235.56100594811141,12153218.539301073,Fire Station,5.461969928521112
200,2029.3935982766561,19371298.508547433,Other,7.6154923073493475
201,1748.040001951158,18121039.02028522,Heated Swimming Pool,7.466250440365054
202,793.4853093884885,2535884.2037287774,Library,6.6764350261069785
203,334.4154977030121,7634861.5246405825,Heated Swimming Pool,5.812384224942317
204,2197.3143873014487,20724752.630160704,Other,7.694991160600098
205,1880.3513217251748,2398619.2106355214,Heated Swimming Pool,7.539213911623435
206,1823.558225859888,11655548.726972472,Library,7.5085449405642315
207,750.8845010725781,19049387.035853088,Fire Station,6.62125184642482
208,1243.535100640729,11612537.170988858,Library,7.125713490139591
209,938.7844026950188,21423605.566089228,Office,6.8445858497517404
210,1983.117184014991,11783072.838017344,Library,7.5924252210829195
211,1378.1298064417206,6359058.462292608,Office,7.228482646296591
212,2079.494719055947,7434234.800419956,Heated Swimming Pool,7.639880219653869
213,558.4062617272139,9553882.58430413,Other,6.325086765080157
214,948.3088055695407,14278312.310562516,Office,6.854680193483543
215,1729.2067003110424,1890677.5027545867,Library,7.45541802758995
216,2295.868195241783,20676824.891452562,Fire Station,7.7388663495380765
217,1502.0207492867485,13046368.377928576,Fire Station,7.3145666466672425
218,788.6203189380467,8673117.200913792,Other,6.670284986947311
219,1381.9507852150127,6131347.016998008,Fire Station,7.231251392416393
220,718.7575656850822,2611919.008441246,Office,6.57752411822671
221,1148.1418315763585,20831636.38030512,Heated Swimming Pool,7.0459001159175525
222,1772.8219025069848,15465010.760915723,Other,7.480327851230134
223,1441.2808313593268,20114682.357392553,Office,7.273287463451132
224,1346.3159078382887,19119132.02382326,Fire Station,7.205127183883805
225,658.3268210757524,2509799.1308915196,Library,6.489701496581354
226,209.74925707327202,10761004.816546198,Heated Swimming Pool,5.345912803378097
227,102.91032744338736,8728971.079895996,Fire Station,4.633858001685202
228,58.0653238738887,7904314.540647529,Heated Swimming Pool,4.061568650463767
229,2279.7864209418185,14929490.936267305,Office,7.731837042535189
230,1544.0924997022375,3793339.737358503,Heated Swimming Pool,7.342191637923815
231,300.76364804059267,4435324.7679098975,Heated Swimming Pool,5.706324733843742
232,840.2929197414778,17155708.373872098,Fire Station,6.7337505450287205
233,1654.6758956066333,1778321.1192838382,Office,7.411360435162973
234,895.2615423966199,21596405.191171728,Library,6.797115901726587
235,503.1367959571071,11346450.65192601,Fire Station,6.2208620932785745
236,581.5359163819812,21329096.805262357,Fire Station,6.365672735110634
237,2134.4848593417555,21339391.546053603,Other,7.6659806128684576
238,1868.4689767868258,20602356.158601075,Office,7.532874645516001
239,2281.491422879044,5557956.091722916,Other,7.732584640938538
240,177.10430036997423,4282234.493652894,Other,5.176738826650809
241,790.9597315476276,11056534.07975214,Heated Swimming Pool,6.673247058188126
242,861.6228433558717,19971220.690566953,Fire Station,6.758817638206452
243,91.42705588135868,20487179.658442806,Office,4.515541450863377
244,2230.318354193587,17392431.2875679,Heated Swimming Pool,7.70989961399303
245,2389.7721712104976,3213433.426779229,Library,7.77895331452841
246,523.3322545979172,4278734.577440191,Fire Station,6.260216548394254
247,1753.8705972279422,21592345.520505402,Fire Station,7.4695803943998085
248,2306.665799934417,9796080.077781599,Office,7.74355838419256
249,107.58508043829352,19894493.316557862,Heated Swimming Pool,4.678281980477148
250,953.3171692537144,13937338.201949444,Library,6.859947659673773
251,1932.16429148335,9151420.294900332,Library,7.566396048156686
252,229.19105230364949,5997325.71488407,Library,5.4345559452637575
253,487.1526952297427,8455817.16591867,Fire Station,6.188577616504598
254,2417.1330468705855,21926022.73175344,Office,7.790337425473385
255,1447.151804973837,16136159.009257589,Office,7.277352631269668
256,1767.0663986774161,15383070.134120226,Other,7.477076048680711
257,324.77188752265647,20915575.120334096,Other,5.783123051347787
258,82.87315818946809,7422508.723454806,Heated Swimming Pool,4.417311224300918
259,879.2686916491948,978073.3450505184,Office,6.779090529756728
260,1842.2007327806205,10020376.221325736,Library,7.518716186328793
261,1033.3247590251267,7154688.629805041,Other,6.940536804053083
262,333.50278635974973,9153134.164188128,Office,5.809651220222575
263,1145.4382818355225,10509621.452269657,Office,7.043542621642841
264,1868.2769381441176,8036858.457552176,Fire Station,7.53277186162475
265,375.4445119947195,18407940.487047426,Heated Swimming Pool,5.928110689298881
266,1602.6748783420771,6824612.340434757,Fire Station,7.379429311291343
267,2342.0044659846462,7737404.162044218,Other,7.7587624510664535
268,1930.0117554934695,11499555.268485472,Heated Swimming Pool,7.565281372809641
269,2111.686039408669,399990.8170183655,Fire Station,7.655241978192799
270,569.8592173308134,57581.59713249188,Library,6.345389343183325
271,2403.4084888687357,3559334.8590124864,Other,7.7846432124959
272,2371.555609975476,14718250.216725003,Heated Swimming Pool,7.771301394326061
273,2209.9897186947055,7187574.269264075,Other,7.700743142326636
274,953.1347334920429,4898148.5375569435,Office,6.859756271932005
275,378.80908937659115,6781200.5573788425,Other,5.937032356210398
276,1817.5415493152104,6643459.481800045,Heated Swimming Pool,7.5052400698424995
277,297.8143547195941,6303485.96391785,Fire Station,5.6964703216388886
278,1249.1495178011246,9242905.488357088,Library,7.1302182129698135
279,555.6456105574034,8355122.006594716,Fire Station,6.32013069994672
280,1103.084428817965,17572723.039485373,Office,7.005865561036676
281,78.68522778619081,4311784.1391718015,Heated Swimming Pool,4.365455434961147
282,297.19480556668714,17005290.977201145,Office,5.694387834786043
283,935.9369494859129,18011969.692769717,Other,6.841548112548344
284,2498.7468303507194,18799891.16980233,Heated Swimming Pool,7.823544617319846
285,1074.3306707334705,10821101.225428795,Library,6.979453114770199
286,1605.8022861857899,21085252.86668539,Fire Station,7.381378777454757
287,624.196987405885,14971274.914094666,Fire Station,6.436466003496748
288,1898.70628797682,6550213.171413401,Library,7.548928032171289
289,2335.628822958097,10755464.881965589,Heated Swimming Pool,7.756036437041447
290,2214.4945965055376,15060156.503286235,Library,7.702779483308588
291,197.6145164691843,2156600.3300461452,Library,5.286318246528302
292,1363.7308171368204,1465088.2762509398,Heated Swimming Pool,7.21797947078754
293,308.20196446962655,7522271.6331190895,Fire Station,5.7307552968748725
294,479.35058154864237,20253434.140147712,Fire Station,6.1724322327248196
295,132.88646534318104,19577851.04187401,Fire Station,4.889495119623965
296,2218.1314688757993,20264384.692963284,Office,7.704420439767677
297,284.269438108895,5128855.29588582,Other,5.649922514140932
298,1395.8466055220924,7699886.255982285,Library,7.241256395853745
299,423.7228330806829,14823614.630425442,Office,6.049079545915427
300,1109.688865172211,1641438.9171208953,Other,7.011834953367874
301,578.2392446766607,11092290.361781348,Heated Swimming Pool,6.359987701157612
302,2433.9437199826352,221177.88966267835,Other,7.7972681508408
303,1140.8108284068294,15595659.404017754,Heated Swimming Pool,7.039494541556453
304,1674.807765209116,17550019.891811863,Heated Swimming Pool,7.4234536706335925
305,450.70103582926095,2894322.391084535,Library,6.1108042279616805
306,1784.9544997443445,7712628.039440652,Other,7.487148203549553
307,730.6476421561092,9047409.046703158,Office,6.593931321865717
308,442.91988999117166,5954513.163469289,Library,6.093388918458098
309,1559.3019524984993,583885.3809241671,Other,7.351993533753526
310,370.434636969585,16139614.72044522,Heated Swimming Pool,5.914677010736911
311,161.92132306983694,17178819.51907249,Fire Station,5.087110557198604
312,2429.0250332211144,11487175.61279738,Fire Station,7.795245234927294
313,145.0305684399791,18765647.40650118,Office,4.976944537029272
314,855.2081452775747,17525174.101474114,Office,6.751344884077984
315,1649.9636483588256,6570208.697273163,Fire Station,7.408508535354252
316,1190.612944639288,17878999.384335287,Fire Station,7.082223533026462
317,79.46175569202751,7903806.157247955,Fire Station,4.375275845435931
318,1785.7312806905247,15906794.700683141,Fire Station,7.487583291376485
319,515.2561971405521,13602285.640729591,Other,6.2446642471423
320,1339.8111469508149,9943142.856008234,Fire Station,7.2002839479013385
321,2176.871077369433,11588211.883296259,Fire Station,7.6856438391637445
322,613.7586775724776,13423291.703272402,Other,6.419601817619743
323,1117.2033611219376,9134679.698238313,Library,7.018583842589534
324,1414.1735061490908,7965354.82157704,Other,7.254300544833355
325,1933.9076376589946,10314124.944026466,Heated Swimming Pool,7.567297917716157
326,2229.0434483787976,16678505.600841017,Fire Station,7.709327825514783
327,1817.816945197992,6672083.920754236,Other,7.505391579457699
328,488.2234791503288,3588543.004065403,Fire Station,6.190773250105013
329,363.91791705042124,5098683.94741118,Heated Swimming Pool,5.896928339598471
330,1228.2099175429903,17976226.810548805,Other,7.113313036722647
331,144.67148003866896,10599671.160529297,Other,4.974465517035487
332,156.44954877672717,744747.6054593222,Other,5.052733585973481
333,1310.9599861619063,1332708.5018756567,Fire Station,7.178514961682274
334,809.9193273484707,20173808.9858833,Heated Swimming Pool,6.696934646840401
335,440.0181124708615,5812628.678666824,Library,6.086815890771567
336,1195.2555505838245,17035660.80777503,Library,7.08611529136393
337,54.80683078058064,10314980.334311724,Fire Station,4.003814835466563
338,1139.5799176814035,14161455.184524646,Office,7.038414980216289
339,478.0603150348179,18951736.250482313,Fire Station,6.169736906612376
340,109.4554091594182,14005109.658368096,Heated Swimming Pool,4.695517244030625
341,1492.146963258274,13924027.172506578,Other,7.307971276756164
342,1405.2620624518022,18955895.912608016,Heated Swimming Pool,7.247979085692917
343,905.0365932332352,745286.4560071146,Other,6.807975377394335
344,928.2721964549273,8363655.215553753,Library,6.833325004923119
345,100.05171400494874,877392.3794837436,Library,4.605687192366745
346,381.5815701824613,16680746.365343057,Fire Station,5.94432464224028
347,967.0882533234544,5590785.990847903,Library,6.874289756359682
348,752.9756558011286,21684311.58575227,Library,6.624032897663906
349,177.73824234260246,15507618.473517917,Other,5.180311919337176
350,2483.413038130384,4188115.843452839,Library,7.817389118081863
351,866.3444323930889,11303346.04001071,Other,6.764282557426237
352,266.2930713943206,7587219.438497117,Library,5.5845974744353
353,648.9778223168105,6092831.306709675,Office,6.475398544035174
354,1399.1708264197223,17301967.46069158,Library,7.2436350733010055
355,2151.3761453563347,6430983.603170188,Heated Swimming Pool,7.673862983973402
356,1510.650512499269,5506616.104125837,Library,7.3202956400196575
357,1385.3713333955966,8140710.721326619,Library,7.233723493441117
358,416.9685836159624,14576070.065357396,Office,6.033010879910223
359,1097.9192727105692,15726364.934838027,Fire Station,7.00117209724507
360,817.583046364598,20944301.99406133,Other,6.706352483379016
361,2377.3224793421105,11159947.392237652,Office,7.7737301246884485
362,33.401579931378365,20727016.286001913,Office,3.508603202198569
363,123.8461108179763,209593.31487801392,Fire Station,4.8190397530844225
364,2427.000947985798,10801558.521913342,Heated Swimming Pool,7.794411596326359
365,320.26502104476094,18161205.42714128,Other,5.769148843797913
366,68.96215373650193,8453571.822124347,Fire Station,4.233557857545551
367,2304.593122326769,879390.4824727215,Fire Station,7.7426594202514
368,2487.548937688116,4957094.944772823,Other,7.819053142281687
369,1807.8939439728856,2014564.0268499264,Other,7.499917879924565
370,800.8570002950728,16834014.366338752,Library,6.685682404657544
371,2248.4592431387864,6949462.902878714,Office,7.718000479801777
372,1558.876341516152,13317548.76547663,Other,7.351720546807393
373,365.65710646333173,3814256.013424718,Heated Swimming Pool,5.901696026680108
374,756.0186896426603,13233336.456272798,Library,6.628066097623506
375,208.66228834725916,11744618.18495947,Library,5.340717099850478
376,1512.9649011441506,11601376.585398313,Office,7.3218265153329884
377,1669.2023534094915,8153636.38334698,Office,7.420101158619047
378,1332.9844140796922,11189311.96058786,Other,7.195175627747031
379,638.2203227933496,4191122.5688620703,Fire Station,6.458683557262786
380,904.5296384068206,11047092.42935551,Heated Swimming Pool,6.807415072023011
381,51.990163954906166,2471469.342943281,Heated Swimming Pool,3.9510545459760755
382,520.5861952295527,12656757.155205611,Fire Station,6.25495547516999
383,2362.951778222341,1683075.2153332112,Library,7.767666869963168
384,1299.5184231246822,16854280.167766057,Other,7.1697490310681475
385,2260.6773616862483,6018573.923051637,Library,7.723419764920283
386,1559.68948896043,16305764.644561034,Fire Station,7.352242034893204
387,1534.191580847837,17211470.45699633,Fire Station,7.335758863860443
388,2488.5982988681644,13886227.435079124,Office,7.819474898771484
389,771.5799450036138,1046346.2134853005,Office,6.648440289252129
390,516.1494393297471,16024733.625617297,Fire Station,6.246396334656524
391,1112.5369251030497,1329663.7949761702,Fire Station,7.014398204593448
392,1893.4046764136292,9916481.770693067,Other,7.54613190354155
393,999.4609805988148,4922945.225997781,Other,6.90721611425777
394,326.12396259093657,6391596.352139581,Heated Swimming Pool,5.787277562435158
395,1855.6174229225144,20243245.73728468,Other,7.525972762207573
396,919.1373560903594,2736983.634871617,Library,6.82343557374479
397,279.8871387913823,522734.82817776967,Heated Swimming Pool,5.634386446167323
398,1174.111544911284,8185439.701440139,Heated Swimming Pool,7.068267008575885
399,1105.2869512024336,14098485.746102966,Other,7.007860264585803
400,717.0779500203207,15909185.434446368,Fire Station,6.575184551594579
401,1070.6000026338734,15173549.164209723,Heated Swimming Pool,6.975974520419466
402,1160.9649644093588,4701675.118748681,Heated Swimming Pool,7.057006804161898
403,1651.1907548527233,9722901.71163762,Office,7.409251976224041
404,2404.2041679029353,7214554.66033218,Office,7.784974220461088
405,2173.191806364339,1496500.7000128971,Office,7.683952244361195
406,2182.618833563756,21047559.666953936,Library,7.688280734599772
407,1012.4436070607044,18929598.942496464,Library,6.920122100699405
408,2283.2967029791325,11308737.997885723,Fire Station,7.733375599968588
409,2241.6215323423967,20436805.655649677,Library,7.714954781328183
410,821.4782510721125,13454586.299897429,Fire Station,6.711105462473317
411,209.7650099848397,9454685.965085588,Office,5.345987904097248
412,463.7880356819369,17390736.580620635,Library,6.139427628201372
413,1734.2940108571202,4104714.376318385,Fire Station,7.458355699401745
414,2376.08074136544,18672091.210180964,Fire Station,7.773207661961321
415,1589.0068535786122,6491321.894983714,Office,7.3708644796668805
416,523.4145254897885,13565013.84345556,Heated Swimming Pool,6.260373741888623
417,359.28820236120373,8890429.7085898,Heated Swimming Pool,5.884124858515553
418,1337.3011454683729,13043753.135909397,Library,7.198408791431419
419,1329.168836567551,6541988.578069722,Heated Swimming Pool,7.192309090950968
420,2409.2031046841294,18124914.93020132,Other,7.787051309847189
421,1916.811948530376,3060835.83110061,Office,7.558418641483909
422,1296.313848902937,12366756.711295877,Heated Swimming Pool,7.167280014957814
423,1376.0527679137886,897303.8594511105,Library,7.226974366532549
424,2034.8578555462882,16867974.3774303,Other,7.618181245582677
425,2078.619924657978,525593.8739719568,Office,7.639459454722725
426,312.8723645955324,9349718.756329432,Library,5.745795326529991
427,719.4993574777618,18060390.85278262,Library,6.578555633314879
428,370.7337760878727,9080494.156855857,Fire Station,5.915484220351516
429,453.75630762195215,9112545.729960036,Fire Station,6.117560286577652
430,1642.8598374617286,2037889.722650568,Office,7.404193805488779
431,2029.451181057375,10472164.01437933,Heated Swimming Pool,7.615520681324631
432,1830.906123497989,15710231.248071209,Fire Station,7.51256627274188
433,93.04834057111293,13223669.800761878,Heated Swimming Pool,4.533119149195899
434,2069.7324099508114,3988798.166788672,Heated Swimming Pool,7.635174607348093
435,631.8861064966768,3218159.015670861,Fire Station,6.448709166667426
436,358.7812768644653,14429558.584748186,Library,5.882712946171087
437,2019.9265625234693,19033357.663725387,Heated Swimming Pool,7.610816434547983
438,2281.3827725313604,21680117.19476562,Office,7.732537017294733
439,1052.632247917354,514946.6198753333,Fire Station,6.959049208890972
440,1509.6720710513182,16086210.916502658,Library,7.319647734734634
441,2278.903410208877,8305559.942032653,Fire Station,7.731449645815214
442,257.36535490257666,1194917.1872602543,Library,5.5504966897650405
443,1016.5015822695568,10212426.49966767,Library,6.92412218965308
444,270.1571837696247,18045688.89660302,Heated Swimming Pool,5.5990039517174734
445,2461.570740600582,11204112.258862052,Library,7.808554937603334
446,1025.3626191802323,1991008.9566549985,Fire Station,6.932801603818938
447,2428.211425128393,14842379.561123181,Library,7.794910226283054
448,1283.9245042810217,14871397.593834788,Office,7.157676685232354
449,2282.569170584902,7048697.85190057,Other,7.7330569167568894
450,520.924634388648,18359627.140170988,Other,6.2556053756057475
451,756.3789236266166,18033389.793432225,Fire Station,6.628542472338208
452,642.0423327060416,15569053.633889813,Library,6.464654240310551
453,1965.540339248255,21608011.77626841,Heated Swimming Pool,7.583522468308522
454,2309.177994816564,3434779.3228523107,Fire Station,7.7446468937877295
455,753.9157323073596,19091884.620061424,Other,6.625280600896675
456,488.9264183235355,14873176.070072897,Fire Station,6.1922120043765565
457,1008.346332386136,6562938.297311915,Library,6.91606697333635
458,516.5251151006669,13665524.396857899,Heated Swimming Pool,6.2471239129354315
459,2364.418209698051,3712910.0823713,Other,7.768287270535365
460,176.0123501997441,433599.93855806533,Other,5.170554164165696
461,589.087790416088,2086619.1448435187,Office,6.378575222487172
462,1396.1235673795454,1522069.3833724596,Office,7.241454794719929
463,1448.2183832488954,1520085.627808189,Library,7.2780893787347365
464,292.6732339942828,556756.2243238324,Fire Station,5.679056744331243
465,748.0690545914695,6649385.326761752,Fire Station,6.617495292685896
466,1869.4192174635828,7741145.802398073,Office,7.533383082712539
467,805.1839895942248,9134880.659506982,Library,6.691070809805191
468,2406.424847082235,4546315.794920293,Heated Swimming Pool,7.785897459118702
469,559.7956401179545,8368975.508016744,Other,6.327571788765841
470,1434.7029809188098,7332200.454215379,Heated Swimming Pool,7.268713124831892
471,1293.5520469746552,20977128.953014314,Heated Swimming Pool,7.165147238137539
472,854.496299084276,19193831.50383227,Library,6.750512171457063
473,2463.145101258997,14759766.208630964,Other,7.809194308792496
474,2046.6189907095395,4993681.297801202,Heated Swimming Pool,7.623944437760166
475,873.8501466927119,9587871.991993465,Office,6.772908904081798
476,800.0921099446714,7015734.712785762,Library,6.684726858470961
477,386.7641946999356,17088115.43301877,Fire Station,5.957815191300496
478,2377.531369321514,15318459.352360923,Other,7.773817988579196
479,1957.1687427465804,7095904.93601053,Heated Swimming Pool,7.579254188894318
480,1836.075495602563,1951326.3771278085,Fire Station,7.515385689944287
481,131.0987623455003,3486033.615192212,Library,4.875950950187336
482,169.80582783697173,1061933.9758758666,Heated Swimming Pool,5.134655595060775
483,397.4157560081221,1154835.3897441877,Library,5.9849829770623195
484,1123.9653967530467,4628731.500240159,Other,7.024618244172846
485,1928.623843586538,8783404.52285416,Fire Station,7.564561993157871
486,1987.002798493486,6947213.584217709,Office,7.594382650952177
487,301.4788884250447,19447893.15991404,Office,5.7086999919081185
488,1825.7567024743184,18531762.895928532,Other,7.509749811573485
489,2127.1389457699843,10577199.277360644,Heated Swimming Pool,7.662533137829237
490,2412.6864350493997,19059166.857252643,Heated Swimming Pool,7.788496109004243
491,475.2614438463934,17324734.242087744,Office,6.163865060713333
492,1427.1455405722372,20382936.36203639,Library,7.2634316028663655
493,1725.3092510206625,11496494.093549415,Other,7.453161589351454
494,1375.9071477968246,19680924.226656765,Office,7.226868536417606
495,621.075010728091,16873643.75641283,Fire Station,6.431451864861296
496,1337.256144543644,12419364.368906826,Fire Station,7.198375140310987
497,49.15500160539523,5117516.927211825,Office,3.894978603478743
498,631.726120589301,7307597.760782018,Office,6.4484559467241525
499,995.5469186347909,11209869.202723332,Fire Station,6.903292253116678
500,278.38847572682425,6753205.448411941,Other,5.629017532944086
501,607.2878378932364,4767286.762718158,Library,6.409002876181074
502,1054.212331888266,3745681.6493032966,Other,6.960549162216722
503,2242.863772374112,20364279.090807587,Other,7.715508798112309
504,1074.013300058432,20635114.279624518,Heated Swimming Pool,6.979157658659202
505,590.2431714744307,17617734.962492853,Library,6.380534607028615
506,1773.0445193499327,5411163.7478535995,Library,7.480453415375398
507,1890.663360976614,21252010.392200273,Office,7.544683031116698
508,368.19766199216247,7916495.417145826,Fire Station,5.908619918947645
509,1532.5001942063682,16719939.232075121,Heated Swimming Pool,7.334655794535558
510,1063.051259398926,17062301.14797414,Library,6.968898598627051
511,1010.3993993671611,7178615.493457648,Other,6.918100976585552
512,1613.0018803291023,3003634.3545018462,Office,7.385852243858629
513,496.49790758499876,8092880.080006109,Fire Station,6.2075792691460325
514,1915.0174772785977,18514191.51627447,Other,7.557482028089339
515,504.49000395601615,8247251.72117583,Library,6.223548025833278
516,2086.055729086511,17013656.114864394,Fire Station,7.6430303509692035
517,308.8553755963221,16833600.852147676,Office,5.732873127191418
518,74.86174736404791,11369253.601535618,Heated Swimming Pool,4.3156430439624565
519,885.7510366127826,21881673.397508193,Library,6.786435914066977
520,1916.6167440079153,3514933.016573498,Office,7.558316798179502
521,134.0274340286851,6231131.086680666,Fire Station,4.898044510553618
522,73.01180506823584,2346409.306049696,Heated Swimming Pool,4.2906211413377155
523,227.4034125660546,11869775.969766546,Other,5.426725588090617
524,939.9388452037238,10591064.257746888,Heated Swimming Pool,6.845814814853756
525,1581.8702152976766,19785074.999845587,Office,7.366363106591646
526,376.5289399656467,17531345.58397664,Library,5.930994910064536
527,912.6045796112157,9564268.854596302,Office,6.816302686682788
528,1515.9537078649737,20367657.676263757,Other,7.323800030026972
529,2481.69718708843,7271390.438951808,Fire Station,7.81669795473103
530,1731.6930914041586,1137315.1762541384,Office,7.4568548744624525
531,557.4052335531451,1654512.1460667811,Office,6.323292504227209
532,2444.0406013303436,264308.24601089116,Office,7.801407932809121
533,2380.4853438888676,19321725.968982324,Heated Swimming Pool,7.775059671879165
534,89.60229052463546,3315918.469594,Other,4.495380883545155
535,240.5396960512735,18937109.34040032,Heated Swimming Pool,5.482885132271767
536,1477.1190076740459,662921.6043939581,Heated Swimming Pool,7.297848853201553
537,2204.1380704613402,2855477.3661650484,Library,7.698091813710546
538,44.61791520938277,12684642.612147983,Fire Station,3.7981354646807013
539,995.7019242481329,15803769.89043767,Library,6.903447939950304
540,1764.032411603257,1345486.4637919702,Office,7.475357610322687
541,617.4371791048907,9475184.070834681,Other,6.425577329083761
542,1332.0606862800196,21438911.23075723,Heated Swimming Pool,7.194482410332782
543,974.286246986594,1643985.87953588,Office,6.881705148542479
544,1442.1171866287477,5767786.4046084,Fire Station,7.273867581275767
545,624.5588322216645,9957247.75238107,Heated Swimming Pool,6.437045532048638
546,313.72343588620424,3655699.7391562676,Office,5.748511820363429
547,1177.8536498593166,11182033.482836979,Office,7.071449120380953
548,1224.9339341861196,13543100.275388034,Other,7.110642190247846
549,1731.7500122543424,20331489.406474236,Library,7.456887743978991
550,2072.927766602952,17014911.59392118,Library,7.636717266967589
551,36.23200927628204,8796467.999034375,Fire Station,3.589942962278445
552,1766.9044752861373,5252999.704823829,Library,7.476984410465702
553,447.1916026272811,20591752.341191888,Other,6.102987143997505
554,119.35413403902203,11383387.115924107,Other,4.782094990132358
555,2332.886085319333,83319.77577358484,Library,7.754861443276533
556,1336.6468734294176,13073147.413314693,Library,7.1979194236147
557,1800.8211379940622,19924974.638044346,Fire Station,7.495998027636727
558,747.73978239391,10956254.519375367,Heated Swimming Pool,6.617055032948507
559,2137.3850369569845,2135177.3353118915,Other,7.667338415484737
560,1245.19694769755,9471068.280787744,Fire Station,7.127048987309671
561,814.5360518665984,8689078.385637816,Office,6.702618689636633
562,1295.9480118006468,15580436.699324962,Heated Swimming Pool,7.1669977617562655
563,1759.300055699423,13475824.811644085,Fire Station,7.472671313304992
564,1014.5579121052288,12567935.38878204,Fire Station,6.922208242018312
565,378.9436395536177,10417686.57640838,Fire Station,5.93738748572245
566,316.4919313066639,13706092.418916244,Fire Station,5.7572977477574145
567,1481.6468949033879,16107477.656973898,Library,7.300909514918681
568,814.7016759729013,14280461.033338541,Office,6.702822004480187
569,134.76125102490187,2436882.44005586,Other,4.903504701850129
570,1120.3023456339724,7457873.6655169865,Office,7.021353879317705
571,892.3380614910275,12342932.95855343,Office,6.793845053483361
572,651.3244598032907,9502391.500550672,Fire Station,6.479007920203061
573,1536.3923814077862,7469357.972240727,Fire Station,7.337192337729818
574,2230.8090339251794,14607421.10406484,Other,7.71011959414194
575,2490.7946717971936,19069662.385156028,Office,7.8203570838428025
576,1122.7507852762938,9257229.463399947,Fire Station,7.02353701138982
577,1137.9566115443595,1343771.6929880204,Other,7.036989487021254
578,1400.9106076019816,9749239.239731617,Other,7.24487773816425
579,859.7279168129899,4025677.4920782307,Heated Swimming Pool,6.756615963391323
580,1929.6134786191396,9367260.959642496,Other,7.565074991696664
581,1213.0848485254683,13853446.986164106,Fire Station,7.1009218558179645
582,1417.0571332005784,17480413.716840465,Other,7.2563375587088945
583,1210.5431692674756,3381477.0367998863,Other,7.09882443808628
584,1351.5090565336868,5754021.000779211,Other,7.208977066791857
585,2042.2899483330548,20713188.954159617,Other,7.621826980972301
586,255.87561898631975,17322511.600109305,Library,5.544691463075039
587,2044.9477478046902,4484495.0058911,Other,7.623127516954714
588,1943.6988031398505,8425927.700032061,Library,7.5723480363600055
589,775.0931824371219,20800996.14610742,Fire Station,6.652983257528388
590,1225.2131038205698,3660371.2063451298,Fire Station,7.1108700701516465
591,654.4869378884323,15874468.103684857,Office,6.48385162776109
592,2302.055175988935,6662763.831615425,Other,7.741557557712626
593,1081.6915246122517,6245976.040738006,Library,6.98628132135756
594,2110.5002687801607,358273.6179756932,Library,7.654680292576329
595,1956.6298059211113,21237506.820797153,Other,7.578978785435416
596,2007.8596453578211,18903896.2661762,Fire Station,7.604824580638491
597,2372.65060065547,17266117.533671834,Heated Swimming Pool,7.771763006090316
598,448.8527204678394,1982644.9510091916,Other,6.106694817157571
599,116.37962927343324,3039548.883349658,Office,4.756857513739976
600,32.81174001516774,3666103.1075218692,Library,3.490786378641105
601,584.0335884736851,9112250.934177544,Other,6.369958495684066
602,1135.1902416627854,20805856.521908637,Office,7.0345555296696904
603,1453.1567467725836,5066530.523470556,Other,7.281493535778422
604,1964.01862018276,10115660.5677692,Library,7.582747969614255
605,2306.139585862402,19454921.67694436,Office,7.743330230593919
606,89.92475306149572,5666539.42519743,Heated Swimming Pool,4.498973243528384
607,1234.1737621393986,3878256.0538451653,Library,7.118157006658721
608,1202.218909712974,9421944.773101294,Fire Station,7.091924219738532
609,2393.9130602637306,10778039.619931858,Fire Station,7.7806845697791776
610,1465.8348667854443,545800.533890631,Heated Swimming Pool,7.290180234072978
611,703.0178789258935,19422923.426471815,Office,6.555382323814286
612,379.2679682630114,17757691.71891115,Office,5.938242995519007
613,1816.386136051733,21932789.486397173,Other,7.504604166543122
614,2165.192569079809,13025986.496051889,Other,7.680264582938276
615,1404.3822693568654,19118828.627781548,Office,7.247352819148264
616,692.5578277511522,14264489.404344978,Office,6.540391740352917
617,500.38466247031465,1270934.5097304787,Heated Swimming Pool,6.2153771275840795
618,1869.7442638874054,2393065.0669309776,Other,7.53355694321704
619,1385.673766063992,20386903.00238228,Other,7.2339417740238865
620,1655.107909659855,17680076.761270035,Library,7.411621487896984
621,400.05475285695866,2173337.5818783417,Other,5.991601419882873
622,1964.3335357913747,9511665.689199371,Other,7.582908299236848
623,1618.9763025869615,8823877.890838543,Fire Station,7.389549316502546
624,558.2564514921978,11390699.92300037,Fire Station,6.32481844728976
625,2334.48683578521,20926993.216842994,Library,7.755547375408248
626,1763.5105906566605,3107933.647354855,Library,7.475061755133924
627,2157.0338324154727,559224.7548333835,Fire Station,7.676489331206099
628,2024.3437917600386,6140824.477050523,Other,7.613000873572141
629,107.91888780891895,3670016.527681146,Fire Station,4.681379906146979
630,1375.6974837440066,3447330.952991359,Library,7.226716142392083
631,1222.2467659320682,1893763.9867322287,Library,7.10844605545981
632,541.9252409483306,15905506.756800298,Fire Station,6.295128060096529
633,1789.8163432930596,6450221.189567633,Heated Swimming Pool,7.489868292058648
634,1345.5088741937652,19274990.669789422,Other,7.204527565606946
635,213.8055685418658,13280265.899018455,Library,5.365067043817087
636,2284.132081742864,4203520.920765866,Heated Swimming Pool,7.733741398238215
637,1401.3464304874651,14767392.389893647,Office,7.245188789494
638,99.71542626386508,19601390.95020634,Fire Station,4.602320391817941
639,2047.2151100519113,17527676.561773475,Other,7.624235665656515
640,334.86272810725495,4429459.75992186,Fire Station,5.813720681003677
641,1854.3428851664066,6498827.63163927,Library,7.525285672481319
642,2117.703981155064,11398572.894310322,Heated Swimming Pool,7.658087753010662
643,1408.1319862185046,21132264.29617859,Other,7.250019272536655
644,937.9068254283629,10333356.568123888,Office,6.84365061084033
645,358.260098870378,11135650.707193952,Office,5.88125925576073
646,451.28636185079813,11218379.627910465,Heated Swimming Pool,6.112102086679451
647,1920.1735860435292,14218831.560379617,Office,7.560170870332815
648,2157.870068640914,608169.4088859484,Office,7.676876934849233
649,366.1819966742769,11581638.65753517,Office,5.9031304684821295
650,1203.6346255778335,4957690.554982587,Office,7.093101112685255
651,1753.855012243148,7134782.937981165,Other,7.469571508308631
652,841.2738369591534,11619414.397217263,Office,6.734917215724403
653,708.0840445007198,18893043.164183572,Fire Station,6.562562793570531
654,1888.75720634358,11745158.654138539,Other,7.543674328983287
655,1649.229430523701,14508844.056945667,Heated Swimming Pool,7.408063446006833
656,1375.4586142348126,10092739.012440527,Other,7.226542492114682
657,1478.1031471304595,10429537.784840213,Office,7.298514887388658
658,571.6721277474426,14326598.120218236,Library,6.34856562379728
659,741.1033329856582,12967625.15745347,Office,6.608140066296624
660,1941.5495405718684,19861388.393538773,Fire Station,7.571241665494063
661,2089.7785253310576,21557946.870582223,Library,7.644813370602652
662,1333.251597653143,20049349.92219615,Office,7.1953760477947455
663,1160.5405277642421,1730075.637109275,Heated Swimming Pool,7.056641147779628
664,2044.4390682782978,14288408.99440134,Library,7.622878736610915
665,930.2655223361216,1817325.9328194428,Library,6.835470053285984
666,360.2055909251794,7428822.235729662,Other,5.886674954345935
667,377.0024980674498,568919.0500100376,Fire Station,5.932251813599665
668,905.4238110943697,4896471.005516872,Library,6.8084031336337025
669,1629.1242336737923,7887970.267902641,Fire Station,7.395797869459485
670,2232.916253840085,21020484.135198034,Heated Swimming Pool,7.711063747258717
671,2438.443857312668,6669641.298589623,Heated Swimming Pool,7.799115351433215
672,395.72966136038303,4548369.838011102,Library,5.980731304794569
673,2109.729073124472,11383117.864806741,Heated Swimming Pool,7.654314816863142
674,1567.5848296051845,16024414.934534464,Library,7.3572913888132145
675,1189.6440865192562,1195889.9488021154,Library,7.081409454411542
676,1606.797986710444,304084.4654063694,Office,7.381998649503538
677,2088.816918542143,14316376.781282062,Heated Swimming Pool,7.6443531169988725
678,2117.2398723848164,7106074.975604168,Fire Station,7.657868572408436
679,2454.9208357720636,7328530.955642881,Other,7.8058497935873445
680,1720.2154269861057,15473532.460177038,Fire Station,7.450204810212328
681,2010.0686179706827,12362777.659736108,Library,7.605924138764295
682,1836.1389207397588,11203130.605092667,Other,7.515420233208928
683,303.40293646091595,7644520.74776548,Office,5.715061745380832
684,2238.532247901894,12199056.092316214,Library,7.713575683608925
685,715.3493865765631,20883683.105344743,Heated Swimming Pool,6.572771075896862
686,689.564547392074,15159456.305126451,Office,6.5360603076335995
687,2156.918355154339,10055695.40119858,Other,7.67643579456214
688,1375.9628954599611,20774664.28322289,Library,7.226909052620964
689,987.3674706183374,18899337.857308704,Library,6.895042280799943
690,600.723942052573,18637186.128435798,Library,6.398135497983064
691,700.9169930708595,8577831.865875911,Fire Station,6.552389467856211
692,811.448964276351,19196971.51533158,Fire Station,6.698821494374794
693,2435.8343609422445,4714453.17286551,Heated Swimming Pool,7.798044630188804
694,2356.0977750783786,2227819.747686852,Fire Station,7.764762044368073
695,43.15394800156355,7650440.635549417,Fire Station,3.7647739081659077
696,2170.1551755936816,16923084.47485161,Library,7.682553953467999
697,1095.6519645219669,3220033.149944106,Other,6.999104866459444
698,1191.8751541548409,5422802.039683214,Library,7.083283105692769
699,409.0174953080714,9083429.949334938,Office,6.013757930942298
700,1354.7908224374987,6925447.90065526,Fire Station,7.211402346811947
701,1384.2726431507617,14557471.326089371,Office,7.232930113272568
702,2040.2839836617932,19433880.622846775,Fire Station,7.620844284827122
703,327.29559113970026,12831510.949731316,Heated Swimming Pool,5.790863711021359
704,2454.8245936026797,18428696.416172177,Heated Swimming Pool,7.805810589041699
705,1443.0438013887033,17391728.98599461,Heated Swimming Pool,7.274509912705911
706,1838.6727545969188,8459139.345148183,Heated Swimming Pool,7.516799261296664
707,797.6509038056247,14326699.15149454,Heated Swimming Pool,6.681671037831834
708,2417.0964969182387,10115031.678295486,Fire Station,7.790322304159009
709,448.08765643974766,1536052.4213969242,Library,6.104988874971597
710,274.6853194385767,16502672.911735274,Library,5.615626149512885
711,1092.739076805301,7465957.950164634,Other,6.99644273763334
712,289.48060787748545,8403124.38674264,Fire Station,5.668088309890311
713,231.98356987908483,16700606.827691685,Library,5.4466665496717885
714,1412.1222662343644,1772764.1634635627,Library,7.252849005121957
715,1490.3583309124224,19089608.23030453,Heated Swimming Pool,7.306771860571539
716,886.1637684167363,20195483.631680906,Heated Swimming Pool,6.786901773723713
717,1850.3067174344324,7258830.510766339,Library,7.5231066975379965
718,2106.347654182464,19664018.964995794,Heated Swimming Pool,7.652710757029438
719,186.61215785657987,6366577.439966681,Heated Swimming Pool,5.229032440934823
720,1101.2617688719183,5483631.181431562,Fire Station,7.004211864023631
721,136.2822293723002,4062114.0909799607,Heated Swimming Pool,4.914727951422539
722,1984.5859785424545,7913022.346649971,Other,7.593165596324907
723,1429.091504777316,555254.6774571529,Library,7.264794210013651
724,1788.7166426121257,13680005.117899854,Heated Swimming Pool,7.489253682261906
725,353.87866276549175,3610111.358035053,Other,5.868954093828492
726,2472.2269676276483,21045426.797544375,Other,7.81287462974616
727,59.40970306517556,14256467.749458808,Office,4.084457564293816
728,489.46517284493893,12071530.495818589,Office,6.193313311012305
729,38.224810673855245,21634463.22322192,Other,3.6434847988625134
730,955.5211517959833,2125102.96912014,Heated Swimming Pool,6.8622569003227865
731,481.4920004410669,12439503.70708222,Other,6.176889617270609
732,696.9193524564616,11018862.019550055,Library,6.546669697403813
733,1866.7889039241709,17802009.11079992,Fire Station,7.531975070156223
734,1639.4108837773092,13938104.905583011,Library,7.40209223907533
735,1708.6517840600573,11506911.220280873,Library,7.443459908147777
736,2096.4933879161254,3413925.9480268694,Office,7.648021412738029
737,958.3545836945996,3193545.381109626,Library,6.865217838607512
738,1732.3187710344791,17449617.412780784,Fire Station,7.457216120129021
739,2424.017995123286,8065599.39185807,Library,7.793181770892378
740,2044.5917211915366,20143699.365653984,Other,7.622953401205617
741,2405.312303453684,15922573.292530142,Other,7.785435030015211
742,2347.532621116843,19747049.427499205,Library,7.761120107095279
743,1128.4973780601285,7671230.156395421,Office,7.0286422728699804
744,1175.3595306840725,12250056.167345075,Heated Swimming Pool,7.06932936333575
745,301.3972898153588,13087399.717823276,Office,5.708429294165765
746,1022.8146098880097,9354591.020874936,Other,6.930313527523079
747,1544.497414859943,21972259.29786742,Library,7.342453838585752
748,512.4541405192576,14659366.024368279,Other,6.239211225095175
749,1275.7165248156525,17876566.24345705,Fire Station,7.151263279988335
750,1617.5753015931696,11048316.621703934,Library,7.388683579599425
751,2380.5010645953007,5174971.048590611,Library,7.77506627584947
752,804.9729039147496,4152844.8024937417,Library,6.690808617118831
753,1890.5103762354702,11357719.03528627,Fire Station,7.544602111935586
754,1459.3482184107415,1934238.8657806208,Heated Swimming Pool,7.285745189278674
755,1259.3206963944249,10775661.83521885,Fire Station,7.138327724717078
756,2447.42929920787,4915514.607151342,Library,7.802793487044782
757,1018.7194141699001,21514028.799127344,Office,6.926301641203665
758,507.599692074582,9327438.98317993,Office,6.2296931292099895
759,2078.7181963259354,2192645.9782719146,Office,7.63950673096782
760,2482.895656891633,3313345.6142008305,Fire Station,7.817180761625431
761,1808.5260214982554,7169922.89029581,Office,7.500267439731137
762,1401.349223132711,16378733.444054868,Library,7.245190782322041
763,1131.8297163769603,19628762.799053244,Other,7.031590820218984
764,2201.6155739617534,17683849.708821252,Heated Swimming Pool,7.6969467216428535
765,2375.5574786639772,1906123.4505073633,Heated Swimming Pool,7.772987416782985
766,1939.702031488996,18433704.107908625,Heated Swimming Pool,7.5702896482449304
767,583.5244333464652,19788733.7673025,Fire Station,6.369086324622791
768,973.55568443425,19752061.288747866,Heated Swimming Pool,6.88095502341701
769,534.5758722256869,11036661.231800891,Fire Station,6.2814736702989045
770,433.1845503859222,1903130.6166425114,Fire Station,6.071163850561781
771,1581.057094882708,10103787.123646308,Library,7.365848949702701
772,2233.230666818563,20218246.79676795,Fire Station,7.71120454557305
773,2321.2196050724015,17738118.660936993,Fire Station,7.749848018374358
774,1451.96293923771,2389870.7544501172,Fire Station,7.2806716711180295
775,1257.2195022902451,15893379.525635438,Heated Swimming Pool,7.136657817283405
776,559.5930588943884,1638830.149626825,Library,6.327209839023171
777,1919.8538419650868,845960.675569484,Office,7.560004338147733
778,243.7559038028121,12810029.37693603,Other,5.496167330314125
779,578.179286767263,18830216.892673913,Heated Swimming Pool,6.359884005293491
780,444.9644047836773,19366383.995676693,Office,6.097994289716766
781,2002.107611631509,20518738.276367053,Heated Swimming Pool,7.601955710494266
782,1625.7574571412988,18724922.868945032,Heated Swimming Pool,7.393729113631744
783,567.9845391912386,14709710.72788639,Heated Swimming Pool,6.342094198616953
784,2371.847712271847,15961512.551499018,Other,7.7714245558102935
785,538.973413198255,1364574.4138745358,Heated Swimming Pool,6.28966624352963
786,253.39820679975674,15994031.540240254,Library,5.534962191302239
787,99.33519519167021,16194635.393610712,Library,4.598499941201941
788,638.3740396262147,18805445.73353145,Other,6.458924380562862
789,2373.536504674703,13758039.024440221,Office,7.772136317976198
790,675.9288571588695,199481.05939652305,Other,6.516087829615507
791,1435.1939378445968,14409685.040170815,Office,7.26905526738577
792,2242.511486732401,7510227.4233964505,Other,7.715351716208528
793,2418.896939922124,15570018.491798569,Office,7.791066905288264
794,1737.1492749615572,9590315.951065555,Heated Swimming Pool,7.460000700926022
795,384.2166184517555,3760494.466358633,Library,5.951206504088629
796,761.0639926162548,20640760.162842274,Fire Station,6.634717444492212
797,2238.4343218640424,13193359.987601522,Library,7.713531937006692
798,904.6084282686934,6830702.753072651,Other,6.807502174122485
799,252.5358154042624,12531392.667086631,Office,5.531553081841818
800,630.5951245687902,6904707.968319999,Fire Station,6.446664015664629
801,31.607955214567482,786178.69093474,Fire Station,3.4534088362062723
802,880.7083175261505,5661573.049536557,Heated Swimming Pool,6.780726489988631
803,1678.641976842191,857587.5601463951,Library,7.425740398390858
804,552.3734383331612,6188035.735794948,Other,6.314224336260958
805,2432.808026613202,2158094.8338178685,Office,7.7968014356890185
806,1757.622756503988,5359761.852732417,Fire Station,7.471717468474059
807,2495.6889896234497,18958393.532380298,Library,7.822320118209409
808,45.97541741793975,1659125.6857204717,Heated Swimming Pool,3.828106849686575
809,528.7847437663004,14027883.426514454,Heated Swimming Pool,6.270581437452416
810,1291.2615269352682,357765.8185127191,Other,7.163374947352585
811,1317.927208757028,4660919.371317932,Fire Station,7.1838154849766225
812,1754.7060605301522,7468275.655997102,Other,7.470056634995067
813,1893.7432599207386,4154432.536353683,Fire Station,7.546310710133584
814,2369.1383558302186,20490709.01735355,Fire Station,7.770281605083312
815,1939.280402441509,11338639.752052188,Library,7.570072256670553
816,2377.055498776026,18986786.983431175,Fire Station,7.773617815331644
817,1682.5658567715436,6792412.71379122,Library,7.428075202964759
818,537.2793638822623,12720658.740841947,Library,6.286518189929017
819,812.7153328550048,4507019.960701093,Library,6.7003809041432705
820,671.8127355794422,14682486.128385458,Fire Station,6.509979634395708
821,108.47010859288275,8270761.925575323,Library,4.686474638184499
822,704.5945675554685,18178106.314400002,Library,6.5576225559078845
823,807.1310079423711,21273497.52776001,Heated Swimming Pool,6.6934859945520335
824,708.0207619862631,15685128.699785983,Office,6.56247341810311
825,192.88935496238992,2449721.131378575,Heated Swimming Pool,5.262116734160828
826,2292.40024340339,12559487.634334387,Office,7.737354688855988
827,1717.0559393777512,400827.15253036004,Library,7.448366440085901
828,160.6201131362468,15289515.19787372,Other,5.079042031132169
829,1835.9476929763332,6691665.788999898,Fire Station,7.515316081110291
830,2328.5469575598836,7663665.53434378,Heated Swimming Pool,7.752999728660957
831,1445.7243733410724,12523003.383132745,Library,7.276365771369261
832,253.06540756486356,10247242.700115614,Fire Station,5.533647983239297
833,1481.7311803414486,12385993.934013508,Fire Station,7.300966399619818
834,2300.998986745253,9852730.666543007,Heated Swimming Pool,7.741098649681185
835,1815.137882286217,1065458.099846216,Other,7.503916712015286
836,510.63596398802474,5011009.437127854,Office,6.2356569370861274
837,2134.7695159260184,4489050.295307813,Library,7.666113964765376
838,2422.5528305745684,5380337.770594587,Office,7.792577151813839
839,1728.3186885807663,15787323.346831765,Heated Swimming Pool,7.454904358621586
840,1899.3207538942806,2100328.3268470783,Library,7.5492516032865264
841,30.334102392662317,9880535.483889818,Fire Station,3.4122725711315955
842,298.6712269601412,10754275.126509812,Heated Swimming Pool,5.699343393030012
843,1346.523528015241,3563529.9158917507,Office,7.2052813855599975
844,88.93343531060964,13698400.114516985,Fire Station,4.487888172043724
845,1144.85944399843,20116246.718421742,Other,7.043037152119916
846,2263.6550415330566,20651750.85361572,Heated Swimming Pool,7.72473606090005
847,1764.9409311031923,21048946.019520633,Other,7.475872502010313
848,1617.581521209795,18551717.843316846,Library,7.388687424616508
849,999.5749039622024,16983370.560684197,Library,6.907330092565405
850,1636.4913353486918,21612235.369207315,Other,7.4003097993037485
851,2237.127917127218,5163784.231953323,Library,7.712948142299272
852,254.7338865790516,6135226.691768505,Heated Swimming Pool,5.540219418204612
853,242.04359705094248,1695497.0015347702,Fire Station,5.489117863034133
854,698.5736353322864,1717165.4033085564,Library,6.549040592370988
855,151.18538028327748,21847094.505821146,Fire Station,5.018506767822368
856,2148.0137216928415,12425963.118844036,Office,7.67229884373351
857,1166.288346068468,668773.069150676,Fire Station,7.061581631422498
858,1015.4697769135237,1144224.052870716,Heated Swimming Pool,6.923106618798646
859,1967.012587201316,19903492.36862294,Office,7.584271217555832
860,68.7496217014268,708749.8963795137,Fire Station,4.230471234006841
861,200.16429761890322,5213861.666665156,Fire Station,5.299138517405886
862,1391.8470625043847,1382566.0076238215,Other,7.238386965967808
863,1920.7443122123368,4438987.289976701,Office,7.560468052510683
864,1804.509972773958,4100777.8957856586,Office,7.498044350681015
865,1491.6416411171667,13589474.998852681,Heated Swimming Pool,7.307632564995419
866,1873.6376599315554,14891889.501660317,Other,7.5356370929465015
867,2418.3129463880323,8329077.4917399045,Office,7.790825446451184
868,886.4654310373589,5766622.14771749,Office,6.787242129872227
869,511.7167711816728,18826646.37647737,Other,6.237771290692495
870,1924.7544754482806,7940210.306690377,Library,7.562553693365628
871,111.22298222268,9160806.75304376,Fire Station,4.711537035126605
872,2399.44458888378,16027426.152157713,Library,7.782992568255572
873,855.0491801579483,2395463.9962956076,Office,6.751158987935082
874,348.7855627713725,4482393.853458972,Heated Swimming Pool,5.854457300041068
875,2476.168263058644,13835901.130686164,Fire Station,7.814467589112049
876,1063.2194035570137,61755.89865120128,Other,6.969056757380184
877,1712.264692359604,7225571.41311809,Office,7.445572154773923
878,153.49788090214133,10854787.718567997,Heated Swimming Pool,5.033686761734183
879,40.73525267653167,12126273.507130776,Library,3.7070938766777397
880,2125.6703853048384,21627340.82045527,Office,7.661842507044176
881,55.49085461301729,15110691.093766619,Library,4.0162182254269485
882,676.2191864475608,8226253.822041885,Fire Station,6.516517263795478
883,1728.2711296482012,17327617.060248252,Other,7.454876840787496
884,1356.806651656516,1823420.1922677457,Other,7.212889167484728
885,251.88017579726875,11889491.37509258,Library,5.52895348156086
886,256.78335233591497,17487194.60889662,Office,5.5482327423620665
887,2035.1403572619893,11752765.580860175,Library,7.618320067125775
888,607.7442755154334,19600984.489354722,Heated Swimming Pool,6.4097541940082
889,412.2866454254836,2646021.0800386267,Library,6.021718848757722
890,2107.8684220463037,19943274.71935272,Other,7.653432489329038
891,2140.508277111221,12933108.157923771,Library,7.668798592483023
892,1348.3562693186104,9766244.00111588,Other,7.206641551299292
893,1036.3624123088084,12919090.001747292,Heated Swimming Pool,6.943472180477983
894,1073.125150881242,7399305.603117659,Office,6.978330372251606
895,2265.5904723587446,15892178.870029794,Heated Swimming Pool,7.725590698140428
896,1835.7233094517142,6541032.387009449,Office,7.515193856910601
897,935.7110459939577,13042313.49656682,Library,6.841306717271457
898,1124.4853112706915,18150946.987742,Library,7.025080708860246
899,2204.591122518759,9553586.426002905,Other,7.698297338722033
900,2175.078954217024,638348.2153578661,Fire Station,7.6848202436533635
901,2363.068361384794,7537680.628954037,Fire Station,7.767716206681604
902,695.0103005114943,4249107.611544291,Heated Swimming Pool,6.543926666334812
903,899.9828358367085,100273.77052940428,Library,6.802375691849905
904,1306.8678907630965,3687757.5255507603,Heated Swimming Pool,7.1753886302929
905,1339.9206921411678,4421021.6660393635,Heated Swimming Pool,7.20036570622418
906,1569.0169994183816,12133785.810511954,Heated Swimming Pool,7.35820458723035
907,53.53354269871488,2979974.4830539683,Other,3.980308423771802
908,107.8318890882656,1346318.6656475067,Office,4.680573431874953
909,1393.6572567629628,20680041.034966663,Other,7.239686690761545
910,1803.3394564525224,6794978.090698109,Library,7.497395478611675
911,427.4767601885833,13089549.83385154,Fire Station,6.057899924767172
912,2036.1653075250797,6496941.951812548,Library,7.6188235666756166
913,2472.911423353944,19331411.402664963,Heated Swimming Pool,7.813151449392669
914,2155.3945703594945,6197670.233814861,Fire Station,7.6757290810723795
915,101.57021830789745,17443065.618517365,Other,4.620750365283524
916,1770.8334902091883,2352453.3571948996,Other,7.479205613153277
917,1379.0440849098377,1056038.4751283564,Fire Station,7.229145846034914
918,2413.1227433122694,15738841.85182578,Heated Swimming Pool,7.788676931845733
919,2100.1846840884537,9009462.433854047,Library,7.649780564648623
920,365.8322644396685,10217796.380641405,Office,5.902174934471942
921,975.7014797744341,1732938.022611034,Heated Swimming Pool,6.883156678741261
922,962.1710692765191,21561766.5791617,Fire Station,6.869192261547183
923,983.9457636279985,4312949.374412629,Office,6.8915707772689565
924,65.04240584094077,15055110.983727057,Fire Station,4.175039454729801
925,409.72129999427125,12331843.613228086,Other,6.015477172447883
926,913.2872485276312,5840653.645234089,Fire Station,6.817050451624506
927,756.9063752959482,14247299.729704041,Other,6.629239567183531
928,997.6284520793706,92864.19388956856,Fire Station,6.905380914487764
929,1595.7584208156914,5497019.41343965,Fire Station,7.375104401149153
930,1337.34138808446,15349204.469767585,Fire Station,7.19843888338994
931,818.5303442971781,15420500.628970936,Fire Station,6.707510469181029
932,1973.9588436787017,9897986.039890185,Fire Station,7.587796370575827
933,1814.1046207980253,13170188.031038713,Fire Station,7.5033473031013145
934,2096.122139201034,6948844.206684246,Office,7.6478443162627325
935,2282.469705026597,7279398.258638359,Fire Station,7.73301333966542
936,35.55703508667648,18463008.68957881,Library,3.5711380294045814
937,2202.956536533311,18196414.647654537,Fire Station,7.697555617389976
938,1739.5603779261,7746033.761520265,Library,7.461387703921268
939,1432.7119600051083,13771976.879089698,Heated Swimming Pool,7.267324402742691
940,233.71923167956993,1265531.6107275896,Office,5.454120530326605
941,1679.352413485758,3224445.016336255,Office,7.426163529922116
942,2499.6122662816197,14887420.30703635,Other,7.8238909053407015
943,1248.0168016813695,4347443.718226696,Other,7.129311011724462
944,371.7542216577567,1787886.1339705996,Office,5.918232941449978
945,2097.143784412183,10736376.79358225,Other,7.648331595271493
946,1734.1984375193715,1501772.966251662,Library,7.458300589962013
947,1225.3308699466288,16887906.023699373,Fire Station,7.1109661844245675
948,948.7235657218844,4278428.528072522,Other,6.855117466104958
949,1059.6660971851088,20259849.533992518,Office,6.965709134826797
950,474.51730280416086,16874682.99452658,Library,6.162298082725836
951,780.4351545101963,4085056.580947968,Library,6.659851654518333
952,1198.5025539202616,13118448.466895195,Fire Station,7.088828184802717
953,1467.5015377113596,20889783.142692037,Heated Swimming Pool,7.2913165995459
954,1366.1263598455116,4010436.388260289,Office,7.219734539399773
955,1108.5644338233396,19999502.635338485,Heated Swimming Pool,7.010821154406604
956,1713.343307878822,7500968.755167909,Fire Station,7.4462018914833115
957,517.6696942117997,4809687.254661112,Heated Swimming Pool,6.249337382908678
958,89.7474666708149,11116661.826565605,Library,4.496999800460987
959,2369.1622537653893,19289063.490627263,Fire Station,7.770291692216713
960,2139.332748290617,8608098.498461373,Heated Swimming Pool,7.668249259532015
961,1160.1222946331836,14510481.748118415,Heated Swimming Pool,7.056280704951354
962,317.16216386528686,12004998.362877453,Fire Station,5.759413201010785
963,1962.4351293686777,15197167.929594312,Office,7.581941394011468
964,2406.0612206324004,4049073.2090483652,Fire Station,7.785746341195279
965,389.31138506159186,15719582.429272845,Fire Station,5.964379499145353
966,1305.601551514119,11465184.432384558,Other,7.174419172562475
967,1101.822514324449,18073768.440753385,Library,7.004720918959856
968,735.6027385476045,20560679.64559712,Other,6.600690215599262
969,825.7630320917815,17897738.903546426,Heated Swimming Pool,6.71630784627386
970,1224.3921219022013,3543508.1897187512,Library,7.110199772798843
971,2144.0544419945218,13331496.710960334,Heated Swimming Pool,7.670453914589628
972,1838.795294559095,19395572.737643287,Heated Swimming Pool,7.516865904955063
973,2388.843947343994,18103043.88706058,Other,7.778564823862849
974,602.5557568832301,7427620.048571005,Library,6.401180203627793
975,815.5745167843997,12654330.299329199,Other,6.703892793465238
976,817.9561163950711,10286321.468709387,Office,6.706808687724884
977,375.15851717209443,16670680.676244292,Library,5.927348649111588
978,1215.410116754938,10537118.191837449,Fire Station,7.102836843473538
979,539.6942239208147,21580707.3003873,Other,6.291002727178619
980,278.11857484513894,18490241.925194718,Other,5.628047550973258
981,962.0276805153117,15237673.040167382,Heated Swimming Pool,6.869043224176186
982,2081.3943947060034,14568478.490021639,Heated Swimming Pool,7.640793330159873
983,1604.0922378189862,18221822.58965932,Other,7.380313291647798
984,394.93365509901196,21050089.41348372,Fire Station,5.97871778901931
985,486.19366197614,8332273.627742077,Fire Station,6.18660702596024
986,623.5530957719311,20476491.180471122,Fire Station,6.43543391910775
987,1602.0906283170916,4365939.356829063,Office,7.379064698011374
988,825.1225910079665,2132895.8540376276,Heated Swimming Pool,6.715531970456685
989,1161.9271146599203,7801265.891446476,Office,7.057835211399802
990,1663.8028606656007,4437232.580982661,Office,7.416861141204963
991,1333.7410668167286,21885778.96354238,Library,7.19574310479914
992,2328.1451772269793,118337.72119458299,Other,7.752827168258736
993,1805.8346493239515,14377298.76382756,Fire Station,7.498778173486366
994,945.8596441871487,10056570.353359938,Office,6.8520941903774455
995,1484.648494538851,13787799.015191406,Fire Station,7.302933319203742
996,1371.714734553825,4732277.724891435,Library,7.223816867246181
997,1224.9461623607203,14676876.966584241,Fire Station,7.110652172919748
998,1231.715238839388,7983157.680870499,Fire Station,7.1161629800714294
999,2069.8917356529273,20475388.375223987,Heated Swimming Pool,7.6352515832746946
1000,1081.1600582278334,20911152.051579278,Fire Station,6.985789871644291
